product_id,product_name,category,brand,description,tags,price,rating,review_count,combined_text
P0001,Asian Men's Casual Sneaker Variant 1,Shoes,Puma,Lightweight synthetic upper casual sneakers for daily walking,men shoes sneakers casual walking,2580,4.1,2500,Asian Men's Casual Sneaker Variant 1 Shoes Puma Lightweight synthetic upper casual sneakers for daily walking men shoes sneakers casual walking
P0002,Asian Men's Casual Sneaker Variant 2,Shoes,Asics,Lightweight synthetic upper casual sneakers for daily walking,men shoes sneakers casual walking,3719,4.1,2500,Asian Men's Casual Sneaker Variant 2 Shoes Asics Lightweight synthetic upper casual sneakers for daily walking men shoes sneakers casual walking
P0003,Asian Men's Casual Sneaker Variant 3,Shoes,Skechers,Lightweight synthetic upper casual sneakers for daily walking,men shoes sneakers casual walking,4238,4.1,2500,Asian Men's Casual Sneaker Variant 3 Shoes Skechers Lightweight synthetic upper casual sneakers for daily walking men shoes sneakers casual walking
P0004,Asian Men's Casual Sneaker Variant 4,Shoes,Skechers,Lightweight synthetic upper casual sneakers for daily walking,men shoes sneakers casual walking,1815,4.1,2500,Asian Men's Casual Sneaker Variant 4 Shoes Skechers Lightweight synthetic upper casual sneakers for daily walking men shoes sneakers casual walking
P0005,Asian Men's Casual Sneaker Variant 5,Shoes,Reebok,Lightweight synthetic upper casual sneakers for daily walking,men shoes sneakers casual walking,1755,4.1,2500,Asian Men's Casual Sneaker Variant 5 Shoes Reebok Lightweight synthetic upper casual sneakers for daily walking men shoes sneakers casual walking
P0006,Asian Men's Casual Sneaker Variant 6,Shoes,New Balance,Lightweight synthetic upper casual sneakers for daily walking,men shoes sneakers casual walking,5794,4.1,2500,Asian Men's Casual Sneaker Variant 6 Shoes New Balance Lightweight synthetic upper casual sneakers for daily walking men shoes sneakers casual walking
P0007,Asian Men's Casual Sneaker Variant 7,Shoes,Puma,Lightweight synthetic upper casual sneakers for daily walking,men shoes sneakers casual walking,3271,4.1,2500,Asian Men's Casual Sneaker Variant 7 Shoes Puma Lightweight synthetic upper casual sneakers for daily walking men shoes sneakers casual walking
P0008,Asian Men's Casual Sneaker Variant 8,Shoes,Nike,Lightweight synthetic upper casual sneakers for daily walking,men shoes sneakers casual walking,3930,4.1,2500,Asian Men's Casual Sneaker Variant 8 Shoes Nike Lightweight synthetic upper casual sneakers for daily walking men shoes sneakers casual walking
P0009,Asian Men's Casual Sneaker Variant 9,Shoes,Nike,Lightweight synthetic upper casual sneakers for daily walking,men shoes sneakers casual walking,5287,4.1,2500,Asian Men's Casual Sneaker Variant 9 Shoes Nike Lightweight synthetic upper casual sneakers for daily walking men shoes sneakers casual walking
P0010,Asian Men's Casual Sneaker Variant 10,Shoes,Nike,Lightweight synthetic upper casual sneakers for daily walking,men shoes sneakers casual walking,6007,4.1,2500,Asian Men's Casual Sneaker Variant 10 Shoes Nike Lightweight synthetic upper casual sneakers for daily walking men shoes sneakers casual walking
P0011,Asian Men's Casual Sneaker Variant 11,Shoes,Nike,Lightweight synthetic upper casual sneakers for daily walking,men shoes sneakers casual walking,2100,4.1,2500,Asian Men's Casual Sneaker Variant 11 Shoes Nike Lightweight synthetic upper casual sneakers for daily walking men shoes sneakers casual walking
P0012,Asian Men's Casual Sneaker Variant 12,Shoes,Asics,Lightweight synthetic upper casual sneakers for daily walking,men shoes sneakers casual walking,7500,4.1,2500,Asian Men's Casual Sneaker Variant 12 Shoes Asics Lightweight synthetic upper casual sneakers for daily walking men shoes sneakers casual walking
P0013,Asian Men's Casual Sneaker Variant 13,Shoes,Nike,Lightweight synthetic upper casual sneakers for daily walking,men shoes sneakers casual walking,3032,4.1,2500,Asian Men's Casual Sneaker Variant 13 Shoes Nike Lightweight synthetic upper casual sneakers for daily walking men shoes sneakers casual walking
P0014,Asian Men's Casual Sneaker Variant 14,Shoes,Adidas,Lightweight synthetic upper casual sneakers for daily walking,men shoes sneakers casual walking,7561,4.1,2500,Asian Men's Casual Sneaker Variant 14 Shoes Adidas Lightweight synthetic upper casual sneakers for daily walking men shoes sneakers casual walking
P0015,Asian Men's Casual Sneaker Variant 15,Shoes,Puma,Lightweight synthetic upper casual sneakers for daily walking,men shoes sneakers casual walking,6741,4.1,2500,Asian Men's Casual Sneaker Variant 15 Shoes Puma Lightweight synthetic upper casual sneakers for daily walking men shoes sneakers casual walking
P0016,Asian Men's Casual Sneaker Variant 16,Shoes,Adidas,Lightweight synthetic upper casual sneakers for daily walking,men shoes sneakers casual walking,6317,4.1,2500,Asian Men's Casual Sneaker Variant 16 Shoes Adidas Lightweight synthetic upper casual sneakers for daily walking men shoes sneakers casual walking
P0017,Asian Men's Casual Sneaker Variant 17,Shoes,Nike,Lightweight synthetic upper casual sneakers for daily walking,men shoes sneakers casual walking,5762,4.1,2500,Asian Men's Casual Sneaker Variant 17 Shoes Nike Lightweight synthetic upper casual sneakers for daily walking men shoes sneakers casual walking
P0018,Asian Men's Casual Sneaker Variant 18,Shoes,Skechers,Lightweight synthetic upper casual sneakers for daily walking,men shoes sneakers casual walking,6519,4.1,2500,Asian Men's Casual Sneaker Variant 18 Shoes Skechers Lightweight synthetic upper casual sneakers for daily walking men shoes sneakers casual walking
P0019,Asian Men's Casual Sneaker Variant 19,Shoes,Puma,Lightweight synthetic upper casual sneakers for daily walking,men shoes sneakers casual walking,4931,4.1,2500,Asian Men's Casual Sneaker Variant 19 Shoes Puma Lightweight synthetic upper casual sneakers for daily walking men shoes sneakers casual walking
P0020,Asian Men's Casual Sneaker Variant 20,Shoes,Adidas,Lightweight synthetic upper casual sneakers for daily walking,men shoes sneakers casual walking,5633,4.1,2500,Asian Men's Casual Sneaker Variant 20 Shoes Adidas Lightweight synthetic upper casual sneakers for daily walking men shoes sneakers casual walking
P0021,Asian Men's Casual Sneaker Variant 21,Shoes,Nike,Lightweight synthetic upper casual sneakers for daily walking,men shoes sneakers casual walking,6044,4.1,2500,Asian Men's Casual Sneaker Variant 21 Shoes Nike Lightweight synthetic upper casual sneakers for daily walking men shoes sneakers casual walking
P0022,Asian Men's Casual Sneaker Variant 22,Shoes,Nike,Lightweight synthetic upper casual sneakers for daily walking,men shoes sneakers casual walking,2789,4.1,2500,Asian Men's Casual Sneaker Variant 22 Shoes Nike Lightweight synthetic upper casual sneakers for daily walking men shoes sneakers casual walking
P0023,Asian Men's Casual Sneaker Variant 23,Shoes,Asics,Lightweight synthetic upper casual sneakers for daily walking,men shoes sneakers casual walking,3108,4.1,2500,Asian Men's Casual Sneaker Variant 23 Shoes Asics Lightweight synthetic upper casual sneakers for daily walking men shoes sneakers casual walking
P0024,Asian Men's Casual Sneaker Variant 24,Shoes,Asics,Lightweight synthetic upper casual sneakers for daily walking,men shoes sneakers casual walking,3078,4.1,2500,Asian Men's Casual Sneaker Variant 24 Shoes Asics Lightweight synthetic upper casual sneakers for daily walking men shoes sneakers casual walking
P0025,Asian Men's Casual Sneaker Variant 25,Shoes,Reebok,Lightweight synthetic upper casual sneakers for daily walking,men shoes sneakers casual walking,4048,4.1,2500,Asian Men's Casual Sneaker Variant 25 Shoes Reebok Lightweight synthetic upper casual sneakers for daily walking men shoes sneakers casual walking
P0026,Asian Men's Casual Sneaker Variant 26,Shoes,Skechers,Lightweight synthetic upper casual sneakers for daily walking,men shoes sneakers casual walking,7838,4.1,2500,Asian Men's Casual Sneaker Variant 26 Shoes Skechers Lightweight synthetic upper casual sneakers for daily walking men shoes sneakers casual walking
P0027,Asian Men's Casual Sneaker Variant 27,Shoes,Reebok,Lightweight synthetic upper casual sneakers for daily walking,men shoes sneakers casual walking,6127,4.1,2500,Asian Men's Casual Sneaker Variant 27 Shoes Reebok Lightweight synthetic upper casual sneakers for daily walking men shoes sneakers casual walking
P0028,Asian Men's Casual Sneaker Variant 28,Shoes,Skechers,Lightweight synthetic upper casual sneakers for daily walking,men shoes sneakers casual walking,1569,4.1,2500,Asian Men's Casual Sneaker Variant 28 Shoes Skechers Lightweight synthetic upper casual sneakers for daily walking men shoes sneakers casual walking
P0029,Asian Men's Casual Sneaker Variant 29,Shoes,Puma,Lightweight synthetic upper casual sneakers for daily walking,men shoes sneakers casual walking,7630,4.1,2500,Asian Men's Casual Sneaker Variant 29 Shoes Puma Lightweight synthetic upper casual sneakers for daily walking men shoes sneakers casual walking
P0030,Asian Men's Casual Sneaker Variant 30,Shoes,Skechers,Lightweight synthetic upper casual sneakers for daily walking,men shoes sneakers casual walking,3605,4.1,2500,Asian Men's Casual Sneaker Variant 30 Shoes Skechers Lightweight synthetic upper casual sneakers for daily walking men shoes sneakers casual walking
P0031,Asian Men's Casual Sneaker Variant 31,Shoes,New Balance,Lightweight synthetic upper casual sneakers for daily walking,men shoes sneakers casual walking,2232,4.1,2500,Asian Men's Casual Sneaker Variant 31 Shoes New Balance Lightweight synthetic upper casual sneakers for daily walking men shoes sneakers casual walking
P0032,Asian Men's Casual Sneaker Variant 32,Shoes,Asics,Lightweight synthetic upper casual sneakers for daily walking,men shoes sneakers casual walking,4032,4.1,2500,Asian Men's Casual Sneaker Variant 32 Shoes Asics Lightweight synthetic upper casual sneakers for daily walking men shoes sneakers casual walking
P0033,Asian Men's Casual Sneaker Variant 33,Shoes,Reebok,Lightweight synthetic upper casual sneakers for daily walking,men shoes sneakers casual walking,3521,4.1,2500,Asian Men's Casual Sneaker Variant 33 Shoes Reebok Lightweight synthetic upper casual sneakers for daily walking men shoes sneakers casual walking
P0034,Asian Men's Casual Sneaker Variant 34,Shoes,Puma,Lightweight synthetic upper casual sneakers for daily walking,men shoes sneakers casual walking,6418,4.1,2500,Asian Men's Casual Sneaker Variant 34 Shoes Puma Lightweight synthetic upper casual sneakers for daily walking men shoes sneakers casual walking
P0035,Asian Men's Casual Sneaker Variant 35,Shoes,Nike,Lightweight synthetic upper casual sneakers for daily walking,men shoes sneakers casual walking,3685,4.1,2500,Asian Men's Casual Sneaker Variant 35 Shoes Nike Lightweight synthetic upper casual sneakers for daily walking men shoes sneakers casual walking
P0036,Asian Men's Casual Sneaker Variant 36,Shoes,Nike,Lightweight synthetic upper casual sneakers for daily walking,men shoes sneakers casual walking,5669,4.1,2500,Asian Men's Casual Sneaker Variant 36 Shoes Nike Lightweight synthetic upper casual sneakers for daily walking men shoes sneakers casual walking
P0037,Asian Men's Casual Sneaker Variant 37,Shoes,New Balance,Lightweight synthetic upper casual sneakers for daily walking,men shoes sneakers casual walking,1662,4.1,2500,Asian Men's Casual Sneaker Variant 37 Shoes New Balance Lightweight synthetic upper casual sneakers for daily walking men shoes sneakers casual walking
P0038,Asian Men's Casual Sneaker Variant 38,Shoes,Asics,Lightweight synthetic upper casual sneakers for daily walking,men shoes sneakers casual walking,2107,4.1,2500,Asian Men's Casual Sneaker Variant 38 Shoes Asics Lightweight synthetic upper casual sneakers for daily walking men shoes sneakers casual walking
P0039,Asian Men's Casual Sneaker Variant 39,Shoes,Skechers,Lightweight synthetic upper casual sneakers for daily walking,men shoes sneakers casual walking,2776,4.1,2500,Asian Men's Casual Sneaker Variant 39 Shoes Skechers Lightweight synthetic upper casual sneakers for daily walking men shoes sneakers casual walking
P0040,Asian Men's Casual Sneaker Variant 40,Shoes,Skechers,Lightweight synthetic upper casual sneakers for daily walking,men shoes sneakers casual walking,2433,4.1,2500,Asian Men's Casual Sneaker Variant 40 Shoes Skechers Lightweight synthetic upper casual sneakers for daily walking men shoes sneakers casual walking
P0041,Men's Casual T-Shirt Variant 1,Clothing-Men,Levis,Cotton blend casual t-shirt for daily wear,mens tshirt casual cotton,14589,4.2,12000,Men's Casual T-Shirt Variant 1 Clothing-Men Levis Cotton blend casual t-shirt for daily wear mens tshirt casual cotton
P0042,Men's Casual T-Shirt Variant 2,Clothing-Men,H&M,Cotton blend casual t-shirt for daily wear,mens tshirt casual cotton,62373,4.2,12000,Men's Casual T-Shirt Variant 2 Clothing-Men H&M Cotton blend casual t-shirt for daily wear mens tshirt casual cotton
P0043,Men's Casual T-Shirt Variant 3,Clothing-Men,Levis,Cotton blend casual t-shirt for daily wear,mens tshirt casual cotton,55237,4.2,12000,Men's Casual T-Shirt Variant 3 Clothing-Men Levis Cotton blend casual t-shirt for daily wear mens tshirt casual cotton
P0044,Men's Casual T-Shirt Variant 4,Clothing-Men,Levis,Cotton blend casual t-shirt for daily wear,mens tshirt casual cotton,74572,4.2,12000,Men's Casual T-Shirt Variant 4 Clothing-Men Levis Cotton blend casual t-shirt for daily wear mens tshirt casual cotton
P0045,Men's Casual T-Shirt Variant 5,Clothing-Men,Allen Solly,Cotton blend casual t-shirt for daily wear,mens tshirt casual cotton,93404,4.2,12000,Men's Casual T-Shirt Variant 5 Clothing-Men Allen Solly Cotton blend casual t-shirt for daily wear mens tshirt casual cotton
P0046,Men's Casual T-Shirt Variant 6,Clothing-Men,Zara,Cotton blend casual t-shirt for daily wear,mens tshirt casual cotton,47491,4.2,12000,Men's Casual T-Shirt Variant 6 Clothing-Men Zara Cotton blend casual t-shirt for daily wear mens tshirt casual cotton
P0047,Men's Casual T-Shirt Variant 7,Clothing-Men,Zara,Cotton blend casual t-shirt for daily wear,mens tshirt casual cotton,89559,4.2,12000,Men's Casual T-Shirt Variant 7 Clothing-Men Zara Cotton blend casual t-shirt for daily wear mens tshirt casual cotton
P0048,Men's Casual T-Shirt Variant 8,Clothing-Men,H&M,Cotton blend casual t-shirt for daily wear,mens tshirt casual cotton,97348,4.2,12000,Men's Casual T-Shirt Variant 8 Clothing-Men H&M Cotton blend casual t-shirt for daily wear mens tshirt casual cotton
P0049,Men's Casual T-Shirt Variant 9,Clothing-Men,Allen Solly,Cotton blend casual t-shirt for daily wear,mens tshirt casual cotton,32987,4.2,12000,Men's Casual T-Shirt Variant 9 Clothing-Men Allen Solly Cotton blend casual t-shirt for daily wear mens tshirt casual cotton
P0050,Men's Casual T-Shirt Variant 10,Clothing-Men,H&M,Cotton blend casual t-shirt for daily wear,mens tshirt casual cotton,5545,4.2,12000,Men's Casual T-Shirt Variant 10 Clothing-Men H&M Cotton blend casual t-shirt for daily wear mens tshirt casual cotton
P0051,Men's Casual T-Shirt Variant 11,Clothing-Men,H&M,Cotton blend casual t-shirt for daily wear,mens tshirt casual cotton,80351,4.2,12000,Men's Casual T-Shirt Variant 11 Clothing-Men H&M Cotton blend casual t-shirt for daily wear mens tshirt casual cotton
P0052,Men's Casual T-Shirt Variant 12,Clothing-Men,Levis,Cotton blend casual t-shirt for daily wear,mens tshirt casual cotton,14120,4.2,12000,Men's Casual T-Shirt Variant 12 Clothing-Men Levis Cotton blend casual t-shirt for daily wear mens tshirt casual cotton
P0053,Men's Casual T-Shirt Variant 13,Clothing-Men,H&M,Cotton blend casual t-shirt for daily wear,mens tshirt casual cotton,22278,4.2,12000,Men's Casual T-Shirt Variant 13 Clothing-Men H&M Cotton blend casual t-shirt for daily wear mens tshirt casual cotton
P0054,Men's Casual T-Shirt Variant 14,Clothing-Men,Zara,Cotton blend casual t-shirt for daily wear,mens tshirt casual cotton,6364,4.2,12000,Men's Casual T-Shirt Variant 14 Clothing-Men Zara Cotton blend casual t-shirt for daily wear mens tshirt casual cotton
P0055,Men's Casual T-Shirt Variant 15,Clothing-Men,Zara,Cotton blend casual t-shirt for daily wear,mens tshirt casual cotton,25000,4.2,12000,Men's Casual T-Shirt Variant 15 Clothing-Men Zara Cotton blend casual t-shirt for daily wear mens tshirt casual cotton
P0056,Girls Ethnic Dress Variant 1,Clothing-Women,W,Ethnic and western party wear dress,girls dress ethnic party wear,52451,4.3,800,Girls Ethnic Dress Variant 1 Clothing-Women W Ethnic and western party wear dress girls dress ethnic party wear
P0057,Girls Ethnic Dress Variant 2,Clothing-Women,AND,Ethnic and western party wear dress,girls dress ethnic party wear,20216,4.3,800,Girls Ethnic Dress Variant 2 Clothing-Women AND Ethnic and western party wear dress girls dress ethnic party wear
P0058,Girls Ethnic Dress Variant 3,Clothing-Women,Biba,Ethnic and western party wear dress,girls dress ethnic party wear,69912,4.3,800,Girls Ethnic Dress Variant 3 Clothing-Women Biba Ethnic and western party wear dress girls dress ethnic party wear
P0059,Girls Ethnic Dress Variant 4,Clothing-Women,Global Desi,Ethnic and western party wear dress,girls dress ethnic party wear,4475,4.3,800,Girls Ethnic Dress Variant 4 Clothing-Women Global Desi Ethnic and western party wear dress girls dress ethnic party wear
P0060,Girls Ethnic Dress Variant 5,Clothing-Women,AND,Ethnic and western party wear dress,girls dress ethnic party wear,22886,4.3,800,Girls Ethnic Dress Variant 5 Clothing-Women AND Ethnic and western party wear dress girls dress ethnic party wear
P0061,Girls Ethnic Dress Variant 6,Clothing-Women,Biba,Ethnic and western party wear dress,girls dress ethnic party wear,54050,4.3,800,Girls Ethnic Dress Variant 6 Clothing-Women Biba Ethnic and western party wear dress girls dress ethnic party wear
P0062,Girls Ethnic Dress Variant 7,Clothing-Women,AND,Ethnic and western party wear dress,girls dress ethnic party wear,66428,4.3,800,Girls Ethnic Dress Variant 7 Clothing-Women AND Ethnic and western party wear dress girls dress ethnic party wear
P0063,Girls Ethnic Dress Variant 8,Clothing-Women,Forever 21,Ethnic and western party wear dress,girls dress ethnic party wear,42753,4.3,800,Girls Ethnic Dress Variant 8 Clothing-Women Forever 21 Ethnic and western party wear dress girls dress ethnic party wear
P0064,Girls Ethnic Dress Variant 9,Clothing-Women,Biba,Ethnic and western party wear dress,girls dress ethnic party wear,57178,4.3,800,Girls Ethnic Dress Variant 9 Clothing-Women Biba Ethnic and western party wear dress girls dress ethnic party wear
P0065,Girls Ethnic Dress Variant 10,Clothing-Women,Forever 21,Ethnic and western party wear dress,girls dress ethnic party wear,17594,4.3,800,Girls Ethnic Dress Variant 10 Clothing-Women Forever 21 Ethnic and western party wear dress girls dress ethnic party wear
P0066,Girls Ethnic Dress Variant 11,Clothing-Women,Biba,Ethnic and western party wear dress,girls dress ethnic party wear,57041,4.3,800,Girls Ethnic Dress Variant 11 Clothing-Women Biba Ethnic and western party wear dress girls dress ethnic party wear
P0067,Girls Ethnic Dress Variant 12,Clothing-Women,Biba,Ethnic and western party wear dress,girls dress ethnic party wear,18408,4.3,800,Girls Ethnic Dress Variant 12 Clothing-Women Biba Ethnic and western party wear dress girls dress ethnic party wear
P0068,Girls Ethnic Dress Variant 13,Clothing-Women,Forever 21,Ethnic and western party wear dress,girls dress ethnic party wear,92774,4.3,800,Girls Ethnic Dress Variant 13 Clothing-Women Forever 21 Ethnic and western party wear dress girls dress ethnic party wear
P0069,Girls Ethnic Dress Variant 14,Clothing-Women,Forever 21,Ethnic and western party wear dress,girls dress ethnic party wear,40176,4.3,800,Girls Ethnic Dress Variant 14 Clothing-Women Forever 21 Ethnic and western party wear dress girls dress ethnic party wear
P0070,Girls Ethnic Dress Variant 15,Clothing-Women,Biba,Ethnic and western party wear dress,girls dress ethnic party wear,17838,4.3,800,Girls Ethnic Dress Variant 15 Clothing-Women Biba Ethnic and western party wear dress girls dress ethnic party wear
P0071,Girls Ethnic Dress Variant 16,Clothing-Women,Forever 21,Ethnic and western party wear dress,girls dress ethnic party wear,98510,4.3,800,Girls Ethnic Dress Variant 16 Clothing-Women Forever 21 Ethnic and western party wear dress girls dress ethnic party wear
P0072,5G Smartphone Model 1,Smartphones,Xiaomi,5G smartphone with high performance processor and long battery,smartphone 5g android mobile,17852,4.2,3500,5G Smartphone Model 1 Smartphones Xiaomi 5G smartphone with high performance processor and long battery smartphone 5g android mobile
P0073,5G Smartphone Model 2,Smartphones,Apple,5G smartphone with high performance processor and long battery,smartphone 5g android mobile,31187,4.2,3500,5G Smartphone Model 2 Smartphones Apple 5G smartphone with high performance processor and long battery smartphone 5g android mobile
P0074,5G Smartphone Model 3,Smartphones,Nothing,5G smartphone with high performance processor and long battery,smartphone 5g android mobile,34426,4.2,3500,5G Smartphone Model 3 Smartphones Nothing 5G smartphone with high performance processor and long battery smartphone 5g android mobile
P0075,5G Smartphone Model 4,Smartphones,Vivo,5G smartphone with high performance processor and long battery,smartphone 5g android mobile,15379,4.2,3500,5G Smartphone Model 4 Smartphones Vivo 5G smartphone with high performance processor and long battery smartphone 5g android mobile
P0076,5G Smartphone Model 5,Smartphones,Realme,5G smartphone with high performance processor and long battery,smartphone 5g android mobile,41901,4.2,3500,5G Smartphone Model 5 Smartphones Realme 5G smartphone with high performance processor and long battery smartphone 5g android mobile
P0077,5G Smartphone Model 6,Smartphones,OnePlus,5G smartphone with high performance processor and long battery,smartphone 5g android mobile,22366,4.2,3500,5G Smartphone Model 6 Smartphones OnePlus 5G smartphone with high performance processor and long battery smartphone 5g android mobile
P0078,5G Smartphone Model 7,Smartphones,Apple,5G smartphone with high performance processor and long battery,smartphone 5g android mobile,24933,4.2,3500,5G Smartphone Model 7 Smartphones Apple 5G smartphone with high performance processor and long battery smartphone 5g android mobile
P0079,5G Smartphone Model 8,Smartphones,Apple,5G smartphone with high performance processor and long battery,smartphone 5g android mobile,70542,4.2,3500,5G Smartphone Model 8 Smartphones Apple 5G smartphone with high performance processor and long battery smartphone 5g android mobile
P0080,5G Smartphone Model 9,Smartphones,Motorola,5G smartphone with high performance processor and long battery,smartphone 5g android mobile,41986,4.2,3500,5G Smartphone Model 9 Smartphones Motorola 5G smartphone with high performance processor and long battery smartphone 5g android mobile
P0081,5G Smartphone Model 10,Smartphones,Nothing,5G smartphone with high performance processor and long battery,smartphone 5g android mobile,28169,4.2,3500,5G Smartphone Model 10 Smartphones Nothing 5G smartphone with high performance processor and long battery smartphone 5g android mobile
P0082,5G Smartphone Model 11,Smartphones,Nothing,5G smartphone with high performance processor and long battery,smartphone 5g android mobile,50347,4.2,3500,5G Smartphone Model 11 Smartphones Nothing 5G smartphone with high performance processor and long battery smartphone 5g android mobile
P0083,5G Smartphone Model 12,Smartphones,Realme,5G smartphone with high performance processor and long battery,smartphone 5g android mobile,79951,4.2,3500,5G Smartphone Model 12 Smartphones Realme 5G smartphone with high performance processor and long battery smartphone 5g android mobile
P0084,5G Smartphone Model 13,Smartphones,Motorola,5G smartphone with high performance processor and long battery,smartphone 5g android mobile,96790,4.2,3500,5G Smartphone Model 13 Smartphones Motorola 5G smartphone with high performance processor and long battery smartphone 5g android mobile
P0085,5G Smartphone Model 14,Smartphones,OnePlus,5G smartphone with high performance processor and long battery,smartphone 5g android mobile,34221,4.2,3500,5G Smartphone Model 14 Smartphones OnePlus 5G smartphone with high performance processor and long battery smartphone 5g android mobile
P0086,5G Smartphone Model 15,Smartphones,Xiaomi,5G smartphone with high performance processor and long battery,smartphone 5g android mobile,79534,4.2,3500,5G Smartphone Model 15 Smartphones Xiaomi 5G smartphone with high performance processor and long battery smartphone 5g android mobile
P0087,5G Smartphone Model 16,Smartphones,Oppo,5G smartphone with high performance processor and long battery,smartphone 5g android mobile,80871,4.2,3500,5G Smartphone Model 16 Smartphones Oppo 5G smartphone with high performance processor and long battery smartphone 5g android mobile
P0088,5G Smartphone Model 17,Smartphones,Realme,5G smartphone with high performance processor and long battery,smartphone 5g android mobile,60827,4.2,3500,5G Smartphone Model 17 Smartphones Realme 5G smartphone with high performance processor and long battery smartphone 5g android mobile
P0089,5G Smartphone Model 18,Smartphones,Xiaomi,5G smartphone with high performance processor and long battery,smartphone 5g android mobile,58441,4.2,3500,5G Smartphone Model 18 Smartphones Xiaomi 5G smartphone with high performance processor and long battery smartphone 5g android mobile
P0090,5G Smartphone Model 19,Smartphones,Motorola,5G smartphone with high performance processor and long battery,smartphone 5g android mobile,64012,4.2,3500,5G Smartphone Model 19 Smartphones Motorola 5G smartphone with high performance processor and long battery smartphone 5g android mobile
P0091,5G Smartphone Model 20,Smartphones,Motorola,5G smartphone with high performance processor and long battery,smartphone 5g android mobile,92206,4.2,3500,5G Smartphone Model 20 Smartphones Motorola 5G smartphone with high performance processor and long battery smartphone 5g android mobile
P0092,5G Smartphone Model 21,Smartphones,Nothing,5G smartphone with high performance processor and long battery,smartphone 5g android mobile,25633,4.2,3500,5G Smartphone Model 21 Smartphones Nothing 5G smartphone with high performance processor and long battery smartphone 5g android mobile
P0093,5G Smartphone Model 22,Smartphones,Samsung,5G smartphone with high performance processor and long battery,smartphone 5g android mobile,10487,4.2,3500,5G Smartphone Model 22 Smartphones Samsung 5G smartphone with high performance processor and long battery smartphone 5g android mobile
P0094,5G Smartphone Model 23,Smartphones,Samsung,5G smartphone with high performance processor and long battery,smartphone 5g android mobile,76711,4.2,3500,5G Smartphone Model 23 Smartphones Samsung 5G smartphone with high performance processor and long battery smartphone 5g android mobile
P0095,5G Smartphone Model 24,Smartphones,Samsung,5G smartphone with high performance processor and long battery,smartphone 5g android mobile,22419,4.2,3500,5G Smartphone Model 24 Smartphones Samsung 5G smartphone with high performance processor and long battery smartphone 5g android mobile
P0096,5G Smartphone Model 25,Smartphones,Motorola,5G smartphone with high performance processor and long battery,smartphone 5g android mobile,64538,4.2,3500,5G Smartphone Model 25 Smartphones Motorola 5G smartphone with high performance processor and long battery smartphone 5g android mobile
P0097,Laptop Model 1,Laptops,Apple,High performance laptop for work and gaming,laptop work gaming,68228,4.4,900,Laptop Model 1 Laptops Apple High performance laptop for work and gaming laptop work gaming
P0098,Laptop Model 2,Laptops,Nike,High performance laptop for work and gaming,laptop work gaming,17521,4.4,900,Laptop Model 2 Laptops Nike High performance laptop for work and gaming laptop work gaming
P0099,Laptop Model 3,Laptops,Oppo,High performance laptop for work and gaming,laptop work gaming,18996,4.4,900,Laptop Model 3 Laptops Oppo High performance laptop for work and gaming laptop work gaming
P0100,Laptop Model 4,Laptops,Boat,High performance laptop for work and gaming,laptop work gaming,70038,4.4,900,Laptop Model 4 Laptops Boat High performance laptop for work and gaming laptop work gaming
P0101,Laptop Model 5,Laptops,Skullcandy,High performance laptop for work and gaming,laptop work gaming,85513,4.4,900,Laptop Model 5 Laptops Skullcandy High performance laptop for work and gaming laptop work gaming
P0102,Laptop Model 6,Laptops,Global Desi,High performance laptop for work and gaming,laptop work gaming,57130,4.4,900,Laptop Model 6 Laptops Global Desi High performance laptop for work and gaming laptop work gaming
P0103,Laptop Model 7,Laptops,AND,High performance laptop for work and gaming,laptop work gaming,10531,4.4,900,Laptop Model 7 Laptops AND High performance laptop for work and gaming laptop work gaming
P0104,Laptop Model 8,Laptops,Asics,High performance laptop for work and gaming,laptop work gaming,98463,4.4,900,Laptop Model 8 Laptops Asics High performance laptop for work and gaming laptop work gaming
P0105,Laptop Model 9,Laptops,H&M,High performance laptop for work and gaming,laptop work gaming,87807,4.4,900,Laptop Model 9 Laptops H&M High performance laptop for work and gaming laptop work gaming
P0106,Laptop Model 10,Laptops,U.S. Polo,High performance laptop for work and gaming,laptop work gaming,93501,4.4,900,Laptop Model 10 Laptops U.S. Polo High performance laptop for work and gaming laptop work gaming
P0107,Laptop Model 11,Laptops,AND,High performance laptop for work and gaming,laptop work gaming,77931,4.4,900,Laptop Model 11 Laptops AND High performance laptop for work and gaming laptop work gaming
P0108,Laptop Model 12,Laptops,Sony,High performance laptop for work and gaming,laptop work gaming,94699,4.4,900,Laptop Model 12 Laptops Sony High performance laptop for work and gaming laptop work gaming
P0109,Tablet Model 1,Tablets,AND,Large display tablet for entertainment and productivity,tablet android entertainment,81861,4.3,1100,Tablet Model 1 Tablets AND Large display tablet for entertainment and productivity tablet android entertainment
P0110,Tablet Model 2,Tablets,Puma,Large display tablet for entertainment and productivity,tablet android entertainment,39788,4.3,1100,Tablet Model 2 Tablets Puma Large display tablet for entertainment and productivity tablet android entertainment
P0111,Tablet Model 3,Tablets,W,Large display tablet for entertainment and productivity,tablet android entertainment,66058,4.3,1100,Tablet Model 3 Tablets W Large display tablet for entertainment and productivity tablet android entertainment
P0112,Tablet Model 4,Tablets,OnePlus,Large display tablet for entertainment and productivity,tablet android entertainment,74821,4.3,1100,Tablet Model 4 Tablets OnePlus Large display tablet for entertainment and productivity tablet android entertainment
P0113,Tablet Model 5,Tablets,Apple,Large display tablet for entertainment and productivity,tablet android entertainment,81634,4.3,1100,Tablet Model 5 Tablets Apple Large display tablet for entertainment and productivity tablet android entertainment
P0114,Tablet Model 6,Tablets,Forever 21,Large display tablet for entertainment and productivity,tablet android entertainment,26359,4.3,1100,Tablet Model 6 Tablets Forever 21 Large display tablet for entertainment and productivity tablet android entertainment
P0115,Tablet Model 7,Tablets,Adidas,Large display tablet for entertainment and productivity,tablet android entertainment,29453,4.3,1100,Tablet Model 7 Tablets Adidas Large display tablet for entertainment and productivity tablet android entertainment
P0116,Tablet Model 8,Tablets,Biba,Large display tablet for entertainment and productivity,tablet android entertainment,43867,4.3,1100,Tablet Model 8 Tablets Biba Large display tablet for entertainment and productivity tablet android entertainment
P0117,Tablet Model 9,Tablets,OnePlus,Large display tablet for entertainment and productivity,tablet android entertainment,52465,4.3,1100,Tablet Model 9 Tablets OnePlus Large display tablet for entertainment and productivity tablet android entertainment
P0118,Tablet Model 10,Tablets,U.S. Polo,Large display tablet for entertainment and productivity,tablet android entertainment,18136,4.3,1100,Tablet Model 10 Tablets U.S. Polo Large display tablet for entertainment and productivity tablet android entertainment
P0119,Tablet Model 11,Tablets,AND,Large display tablet for entertainment and productivity,tablet android entertainment,18721,4.3,1100,Tablet Model 11 Tablets AND Large display tablet for entertainment and productivity tablet android entertainment
P0120,Tablet Model 12,Tablets,JBL,Large display tablet for entertainment and productivity,tablet android entertainment,60977,4.3,1100,Tablet Model 12 Tablets JBL Large display tablet for entertainment and productivity tablet android entertainment
P0121,Smartwatch Variant 1,Smartwatches,H&M,AMOLED smartwatch with fitness and health tracking,smartwatch fitness amoled,94271,4.1,6500,Smartwatch Variant 1 Smartwatches H&M AMOLED smartwatch with fitness and health tracking smartwatch fitness amoled
P0122,Smartwatch Variant 2,Smartwatches,Nike,AMOLED smartwatch with fitness and health tracking,smartwatch fitness amoled,72662,4.1,6500,Smartwatch Variant 2 Smartwatches Nike AMOLED smartwatch with fitness and health tracking smartwatch fitness amoled
P0123,Smartwatch Variant 3,Smartwatches,Adidas,AMOLED smartwatch with fitness and health tracking,smartwatch fitness amoled,30586,4.1,6500,Smartwatch Variant 3 Smartwatches Adidas AMOLED smartwatch with fitness and health tracking smartwatch fitness amoled
P0124,Smartwatch Variant 4,Smartwatches,Oppo,AMOLED smartwatch with fitness and health tracking,smartwatch fitness amoled,43805,4.1,6500,Smartwatch Variant 4 Smartwatches Oppo AMOLED smartwatch with fitness and health tracking smartwatch fitness amoled
P0125,Smartwatch Variant 5,Smartwatches,Skechers,AMOLED smartwatch with fitness and health tracking,smartwatch fitness amoled,84902,4.1,6500,Smartwatch Variant 5 Smartwatches Skechers AMOLED smartwatch with fitness and health tracking smartwatch fitness amoled
P0126,Smartwatch Variant 6,Smartwatches,Roadster,AMOLED smartwatch with fitness and health tracking,smartwatch fitness amoled,95433,4.1,6500,Smartwatch Variant 6 Smartwatches Roadster AMOLED smartwatch with fitness and health tracking smartwatch fitness amoled
P0127,Smartwatch Variant 7,Smartwatches,Sennheiser,AMOLED smartwatch with fitness and health tracking,smartwatch fitness amoled,37896,4.1,6500,Smartwatch Variant 7 Smartwatches Sennheiser AMOLED smartwatch with fitness and health tracking smartwatch fitness amoled
P0128,Smartwatch Variant 8,Smartwatches,Puma,AMOLED smartwatch with fitness and health tracking,smartwatch fitness amoled,44232,4.1,6500,Smartwatch Variant 8 Smartwatches Puma AMOLED smartwatch with fitness and health tracking smartwatch fitness amoled
P0129,Smartwatch Variant 9,Smartwatches,Realme,AMOLED smartwatch with fitness and health tracking,smartwatch fitness amoled,48941,4.1,6500,Smartwatch Variant 9 Smartwatches Realme AMOLED smartwatch with fitness and health tracking smartwatch fitness amoled
P0130,Smartwatch Variant 10,Smartwatches,Noise,AMOLED smartwatch with fitness and health tracking,smartwatch fitness amoled,89991,4.1,6500,Smartwatch Variant 10 Smartwatches Noise AMOLED smartwatch with fitness and health tracking smartwatch fitness amoled
P0131,Smartwatch Variant 11,Smartwatches,Skullcandy,AMOLED smartwatch with fitness and health tracking,smartwatch fitness amoled,43707,4.1,6500,Smartwatch Variant 11 Smartwatches Skullcandy AMOLED smartwatch with fitness and health tracking smartwatch fitness amoled
P0132,Smartwatch Variant 12,Smartwatches,Sony,AMOLED smartwatch with fitness and health tracking,smartwatch fitness amoled,27411,4.1,6500,Smartwatch Variant 12 Smartwatches Sony AMOLED smartwatch with fitness and health tracking smartwatch fitness amoled
P0133,Smartwatch Variant 13,Smartwatches,H&M,AMOLED smartwatch with fitness and health tracking,smartwatch fitness amoled,78551,4.1,6500,Smartwatch Variant 13 Smartwatches H&M AMOLED smartwatch with fitness and health tracking smartwatch fitness amoled
P0134,Smartwatch Variant 14,Smartwatches,Allen Solly,AMOLED smartwatch with fitness and health tracking,smartwatch fitness amoled,58281,4.1,6500,Smartwatch Variant 14 Smartwatches Allen Solly AMOLED smartwatch with fitness and health tracking smartwatch fitness amoled
P0135,Smartwatch Variant 15,Smartwatches,Boat,AMOLED smartwatch with fitness and health tracking,smartwatch fitness amoled,34097,4.1,6500,Smartwatch Variant 15 Smartwatches Boat AMOLED smartwatch with fitness and health tracking smartwatch fitness amoled
P0136,Smartwatch Variant 16,Smartwatches,Xiaomi,AMOLED smartwatch with fitness and health tracking,smartwatch fitness amoled,19106,4.1,6500,Smartwatch Variant 16 Smartwatches Xiaomi AMOLED smartwatch with fitness and health tracking smartwatch fitness amoled
P0137,Smartwatch Variant 17,Smartwatches,Skullcandy,AMOLED smartwatch with fitness and health tracking,smartwatch fitness amoled,56152,4.1,6500,Smartwatch Variant 17 Smartwatches Skullcandy AMOLED smartwatch with fitness and health tracking smartwatch fitness amoled
P0138,Smartwatch Variant 18,Smartwatches,Reebok,AMOLED smartwatch with fitness and health tracking,smartwatch fitness amoled,73292,4.1,6500,Smartwatch Variant 18 Smartwatches Reebok AMOLED smartwatch with fitness and health tracking smartwatch fitness amoled
P0139,Smartwatch Variant 19,Smartwatches,Oppo,AMOLED smartwatch with fitness and health tracking,smartwatch fitness amoled,25336,4.1,6500,Smartwatch Variant 19 Smartwatches Oppo AMOLED smartwatch with fitness and health tracking smartwatch fitness amoled
P0140,Smartwatch Variant 20,Smartwatches,Zara,AMOLED smartwatch with fitness and health tracking,smartwatch fitness amoled,30981,4.1,6500,Smartwatch Variant 20 Smartwatches Zara AMOLED smartwatch with fitness and health tracking smartwatch fitness amoled
P0141,Wireless Headphone / Earbud Variant 1,Audio,OnePlus,Wireless audio device with noise cancellation and long battery,headphones earbuds wireless anc,11013,4.0,18000,Wireless Headphone / Earbud Variant 1 Audio OnePlus Wireless audio device with noise cancellation and long battery headphones earbuds wireless anc
P0142,Wireless Headphone / Earbud Variant 2,Audio,Apple,Wireless audio device with noise cancellation and long battery,headphones earbuds wireless anc,79391,4.0,18000,Wireless Headphone / Earbud Variant 2 Audio Apple Wireless audio device with noise cancellation and long battery headphones earbuds wireless anc
P0143,Wireless Headphone / Earbud Variant 3,Audio,Nothing,Wireless audio device with noise cancellation and long battery,headphones earbuds wireless anc,79089,4.0,18000,Wireless Headphone / Earbud Variant 3 Audio Nothing Wireless audio device with noise cancellation and long battery headphones earbuds wireless anc
P0144,Wireless Headphone / Earbud Variant 4,Audio,Vivo,Wireless audio device with noise cancellation and long battery,headphones earbuds wireless anc,69965,4.0,18000,Wireless Headphone / Earbud Variant 4 Audio Vivo Wireless audio device with noise cancellation and long battery headphones earbuds wireless anc
P0145,Wireless Headphone / Earbud Variant 5,Audio,Nothing,Wireless audio device with noise cancellation and long battery,headphones earbuds wireless anc,84807,4.0,18000,Wireless Headphone / Earbud Variant 5 Audio Nothing Wireless audio device with noise cancellation and long battery headphones earbuds wireless anc
P0146,Wireless Headphone / Earbud Variant 6,Audio,Realme,Wireless audio device with noise cancellation and long battery,headphones earbuds wireless anc,37257,4.0,18000,Wireless Headphone / Earbud Variant 6 Audio Realme Wireless audio device with noise cancellation and long battery headphones earbuds wireless anc
P0147,Wireless Headphone / Earbud Variant 7,Audio,Samsung,Wireless audio device with noise cancellation and long battery,headphones earbuds wireless anc,64702,4.0,18000,Wireless Headphone / Earbud Variant 7 Audio Samsung Wireless audio device with noise cancellation and long battery headphones earbuds wireless anc
P0148,Wireless Headphone / Earbud Variant 8,Audio,Samsung,Wireless audio device with noise cancellation and long battery,headphones earbuds wireless anc,57355,4.0,18000,Wireless Headphone / Earbud Variant 8 Audio Samsung Wireless audio device with noise cancellation and long battery headphones earbuds wireless anc
P0149,Wireless Headphone / Earbud Variant 9,Audio,Apple,Wireless audio device with noise cancellation and long battery,headphones earbuds wireless anc,23521,4.0,18000,Wireless Headphone / Earbud Variant 9 Audio Apple Wireless audio device with noise cancellation and long battery headphones earbuds wireless anc
P0150,Wireless Headphone / Earbud Variant 10,Audio,Samsung,Wireless audio device with noise cancellation and long battery,headphones earbuds wireless anc,1145,4.0,18000,Wireless Headphone / Earbud Variant 10 Audio Samsung Wireless audio device with noise cancellation and long battery headphones earbuds wireless anc
P0151,Wireless Headphone / Earbud Variant 11,Audio,Vivo,Wireless audio device with noise cancellation and long battery,headphones earbuds wireless anc,7312,4.0,18000,Wireless Headphone / Earbud Variant 11 Audio Vivo Wireless audio device with noise cancellation and long battery headphones earbuds wireless anc
P0152,Wireless Headphone / Earbud Variant 12,Audio,Realme,Wireless audio device with noise cancellation and long battery,headphones earbuds wireless anc,7232,4.0,18000,Wireless Headphone / Earbud Variant 12 Audio Realme Wireless audio device with noise cancellation and long battery headphones earbuds wireless anc
P0153,Wireless Headphone / Earbud Variant 13,Audio,Nothing,Wireless audio device with noise cancellation and long battery,headphones earbuds wireless anc,59183,4.0,18000,Wireless Headphone / Earbud Variant 13 Audio Nothing Wireless audio device with noise cancellation and long battery headphones earbuds wireless anc
P0154,Wireless Headphone / Earbud Variant 14,Audio,Xiaomi,Wireless audio device with noise cancellation and long battery,headphones earbuds wireless anc,95229,4.0,18000,Wireless Headphone / Earbud Variant 14 Audio Xiaomi Wireless audio device with noise cancellation and long battery headphones earbuds wireless anc
P0155,Wireless Headphone / Earbud Variant 15,Audio,Samsung,Wireless audio device with noise cancellation and long battery,headphones earbuds wireless anc,10990,4.0,18000,Wireless Headphone / Earbud Variant 15 Audio Samsung Wireless audio device with noise cancellation and long battery headphones earbuds wireless anc
P0156,Wireless Headphone / Earbud Variant 16,Audio,Motorola,Wireless audio device with noise cancellation and long battery,headphones earbuds wireless anc,86777,4.0,18000,Wireless Headphone / Earbud Variant 16 Audio Motorola Wireless audio device with noise cancellation and long battery headphones earbuds wireless anc
P0157,Wireless Headphone / Earbud Variant 17,Audio,Xiaomi,Wireless audio device with noise cancellation and long battery,headphones earbuds wireless anc,23707,4.0,18000,Wireless Headphone / Earbud Variant 17 Audio Xiaomi Wireless audio device with noise cancellation and long battery headphones earbuds wireless anc
P0158,Wireless Headphone / Earbud Variant 18,Audio,Apple,Wireless audio device with noise cancellation and long battery,headphones earbuds wireless anc,79181,4.0,18000,Wireless Headphone / Earbud Variant 18 Audio Apple Wireless audio device with noise cancellation and long battery headphones earbuds wireless anc
P0159,Wireless Headphone / Earbud Variant 19,Audio,Oppo,Wireless audio device with noise cancellation and long battery,headphones earbuds wireless anc,90804,4.0,18000,Wireless Headphone / Earbud Variant 19 Audio Oppo Wireless audio device with noise cancellation and long battery headphones earbuds wireless anc
P0160,Wireless Headphone / Earbud Variant 20,Audio,Samsung,Wireless audio device with noise cancellation and long battery,headphones earbuds wireless anc,44738,4.0,18000,Wireless Headphone / Earbud Variant 20 Audio Samsung Wireless audio device with noise cancellation and long battery headphones earbuds wireless anc
P0161,Wireless Headphone / Earbud Variant 21,Audio,Nothing,Wireless audio device with noise cancellation and long battery,headphones earbuds wireless anc,72122,4.0,18000,Wireless Headphone / Earbud Variant 21 Audio Nothing Wireless audio device with noise cancellation and long battery headphones earbuds wireless anc
P0162,Wireless Headphone / Earbud Variant 22,Audio,Nothing,Wireless audio device with noise cancellation and long battery,headphones earbuds wireless anc,76268,4.0,18000,Wireless Headphone / Earbud Variant 22 Audio Nothing Wireless audio device with noise cancellation and long battery headphones earbuds wireless anc
P0163,Wireless Headphone / Earbud Variant 23,Audio,Nothing,Wireless audio device with noise cancellation and long battery,headphones earbuds wireless anc,52052,4.0,18000,Wireless Headphone / Earbud Variant 23 Audio Nothing Wireless audio device with noise cancellation and long battery headphones earbuds wireless anc
P0164,Wireless Headphone / Earbud Variant 24,Audio,Nothing,Wireless audio device with noise cancellation and long battery,headphones earbuds wireless anc,31235,4.0,18000,Wireless Headphone / Earbud Variant 24 Audio Nothing Wireless audio device with noise cancellation and long battery headphones earbuds wireless anc
P0165,Wireless Headphone / Earbud Variant 25,Audio,Oppo,Wireless audio device with noise cancellation and long battery,headphones earbuds wireless anc,66201,4.0,18000,Wireless Headphone / Earbud Variant 25 Audio Oppo Wireless audio device with noise cancellation and long battery headphones earbuds wireless anc
P0166,Wireless Headphone / Earbud Variant 26,Audio,Apple,Wireless audio device with noise cancellation and long battery,headphones earbuds wireless anc,67263,4.0,18000,Wireless Headphone / Earbud Variant 26 Audio Apple Wireless audio device with noise cancellation and long battery headphones earbuds wireless anc
P0167,Wireless Headphone / Earbud Variant 27,Audio,Xiaomi,Wireless audio device with noise cancellation and long battery,headphones earbuds wireless anc,8914,4.0,18000,Wireless Headphone / Earbud Variant 27 Audio Xiaomi Wireless audio device with noise cancellation and long battery headphones earbuds wireless anc
P0168,Wireless Headphone / Earbud Variant 28,Audio,Realme,Wireless audio device with noise cancellation and long battery,headphones earbuds wireless anc,73855,4.0,18000,Wireless Headphone / Earbud Variant 28 Audio Realme Wireless audio device with noise cancellation and long battery headphones earbuds wireless anc
P0169,Wireless Headphone / Earbud Variant 29,Audio,Apple,Wireless audio device with noise cancellation and long battery,headphones earbuds wireless anc,51424,4.0,18000,Wireless Headphone / Earbud Variant 29 Audio Apple Wireless audio device with noise cancellation and long battery headphones earbuds wireless anc
P0170,Wireless Headphone / Earbud Variant 30,Audio,Vivo,Wireless audio device with noise cancellation and long battery,headphones earbuds wireless anc,22723,4.0,18000,Wireless Headphone / Earbud Variant 30 Audio Vivo Wireless audio device with noise cancellation and long battery headphones earbuds wireless anc
P0171,Wireless Headphone / Earbud Variant 31,Audio,Xiaomi,Wireless audio device with noise cancellation and long battery,headphones earbuds wireless anc,58973,4.0,18000,Wireless Headphone / Earbud Variant 31 Audio Xiaomi Wireless audio device with noise cancellation and long battery headphones earbuds wireless anc
P0172,Wireless Headphone / Earbud Variant 32,Audio,Xiaomi,Wireless audio device with noise cancellation and long battery,headphones earbuds wireless anc,12232,4.0,18000,Wireless Headphone / Earbud Variant 32 Audio Xiaomi Wireless audio device with noise cancellation and long battery headphones earbuds wireless anc
P0173,Wireless Headphone / Earbud Variant 33,Audio,Xiaomi,Wireless audio device with noise cancellation and long battery,headphones earbuds wireless anc,21495,4.0,18000,Wireless Headphone / Earbud Variant 33 Audio Xiaomi Wireless audio device with noise cancellation and long battery headphones earbuds wireless anc
P0174,Wireless Headphone / Earbud Variant 34,Audio,Nothing,Wireless audio device with noise cancellation and long battery,headphones earbuds wireless anc,95431,4.0,18000,Wireless Headphone / Earbud Variant 34 Audio Nothing Wireless audio device with noise cancellation and long battery headphones earbuds wireless anc
P0175,Wireless Headphone / Earbud Variant 35,Audio,Nothing,Wireless audio device with noise cancellation and long battery,headphones earbuds wireless anc,23911,4.0,18000,Wireless Headphone / Earbud Variant 35 Audio Nothing Wireless audio device with noise cancellation and long battery headphones earbuds wireless anc
P0176,Wireless Headphone / Earbud Variant 36,Audio,Motorola,Wireless audio device with noise cancellation and long battery,headphones earbuds wireless anc,94265,4.0,18000,Wireless Headphone / Earbud Variant 36 Audio Motorola Wireless audio device with noise cancellation and long battery headphones earbuds wireless anc
P0177,Wireless Headphone / Earbud Variant 37,Audio,Samsung,Wireless audio device with noise cancellation and long battery,headphones earbuds wireless anc,55561,4.0,18000,Wireless Headphone / Earbud Variant 37 Audio Samsung Wireless audio device with noise cancellation and long battery headphones earbuds wireless anc
P0178,Wireless Headphone / Earbud Variant 38,Audio,Oppo,Wireless audio device with noise cancellation and long battery,headphones earbuds wireless anc,31678,4.0,18000,Wireless Headphone / Earbud Variant 38 Audio Oppo Wireless audio device with noise cancellation and long battery headphones earbuds wireless anc
P0179,Wireless Headphone / Earbud Variant 39,Audio,OnePlus,Wireless audio device with noise cancellation and long battery,headphones earbuds wireless anc,62438,4.0,18000,Wireless Headphone / Earbud Variant 39 Audio OnePlus Wireless audio device with noise cancellation and long battery headphones earbuds wireless anc
P0180,Wireless Headphone / Earbud Variant 40,Audio,Xiaomi,Wireless audio device with noise cancellation and long battery,headphones earbuds wireless anc,85127,4.0,18000,Wireless Headphone / Earbud Variant 40 Audio Xiaomi Wireless audio device with noise cancellation and long battery headphones earbuds wireless anc
P0181,Wireless Headphone / Earbud Variant 41,Audio,Nothing,Wireless audio device with noise cancellation and long battery,headphones earbuds wireless anc,49807,4.0,18000,Wireless Headphone / Earbud Variant 41 Audio Nothing Wireless audio device with noise cancellation and long battery headphones earbuds wireless anc
P0182,Wireless Headphone / Earbud Variant 42,Audio,OnePlus,Wireless audio device with noise cancellation and long battery,headphones earbuds wireless anc,12934,4.0,18000,Wireless Headphone / Earbud Variant 42 Audio OnePlus Wireless audio device with noise cancellation and long battery headphones earbuds wireless anc
P0183,Wireless Headphone / Earbud Variant 43,Audio,Realme,Wireless audio device with noise cancellation and long battery,headphones earbuds wireless anc,88949,4.0,18000,Wireless Headphone / Earbud Variant 43 Audio Realme Wireless audio device with noise cancellation and long battery headphones earbuds wireless anc
P0184,Wireless Headphone / Earbud Variant 44,Audio,Vivo,Wireless audio device with noise cancellation and long battery,headphones earbuds wireless anc,44513,4.0,18000,Wireless Headphone / Earbud Variant 44 Audio Vivo Wireless audio device with noise cancellation and long battery headphones earbuds wireless anc
P0185,Wireless Headphone / Earbud Variant 45,Audio,Samsung,Wireless audio device with noise cancellation and long battery,headphones earbuds wireless anc,45555,4.0,18000,Wireless Headphone / Earbud Variant 45 Audio Samsung Wireless audio device with noise cancellation and long battery headphones earbuds wireless anc
P0186,Kitchen Appliance Item 1,Home & Kitchen,Xiaomi,Home and kitchen appliance for daily use,kitchen appliance home,25430,4.1,2000,Kitchen Appliance Item 1 Home & Kitchen Xiaomi Home and kitchen appliance for daily use kitchen appliance home
P0187,Kitchen Appliance Item 2,Home & Kitchen,Boat,Home and kitchen appliance for daily use,kitchen appliance home,41057,4.1,2000,Kitchen Appliance Item 2 Home & Kitchen Boat Home and kitchen appliance for daily use kitchen appliance home
P0188,Kitchen Appliance Item 3,Home & Kitchen,Skullcandy,Home and kitchen appliance for daily use,kitchen appliance home,26282,4.1,2000,Kitchen Appliance Item 3 Home & Kitchen Skullcandy Home and kitchen appliance for daily use kitchen appliance home
P0189,Kitchen Appliance Item 4,Home & Kitchen,Adidas,Home and kitchen appliance for daily use,kitchen appliance home,68810,4.1,2000,Kitchen Appliance Item 4 Home & Kitchen Adidas Home and kitchen appliance for daily use kitchen appliance home
P0190,Kitchen Appliance Item 5,Home & Kitchen,Zara,Home and kitchen appliance for daily use,kitchen appliance home,93821,4.1,2000,Kitchen Appliance Item 5 Home & Kitchen Zara Home and kitchen appliance for daily use kitchen appliance home
P0191,Kitchen Appliance Item 6,Home & Kitchen,Skechers,Home and kitchen appliance for daily use,kitchen appliance home,20806,4.1,2000,Kitchen Appliance Item 6 Home & Kitchen Skechers Home and kitchen appliance for daily use kitchen appliance home
P0192,Kitchen Appliance Item 7,Home & Kitchen,New Balance,Home and kitchen appliance for daily use,kitchen appliance home,22683,4.1,2000,Kitchen Appliance Item 7 Home & Kitchen New Balance Home and kitchen appliance for daily use kitchen appliance home
P0193,Kitchen Appliance Item 8,Home & Kitchen,Puma,Home and kitchen appliance for daily use,kitchen appliance home,36817,4.1,2000,Kitchen Appliance Item 8 Home & Kitchen Puma Home and kitchen appliance for daily use kitchen appliance home
P0194,Kitchen Appliance Item 9,Home & Kitchen,Boat,Home and kitchen appliance for daily use,kitchen appliance home,12414,4.1,2000,Kitchen Appliance Item 9 Home & Kitchen Boat Home and kitchen appliance for daily use kitchen appliance home
P0195,Kitchen Appliance Item 10,Home & Kitchen,Skechers,Home and kitchen appliance for daily use,kitchen appliance home,35790,4.1,2000,Kitchen Appliance Item 10 Home & Kitchen Skechers Home and kitchen appliance for daily use kitchen appliance home
P0196,Kitchen Appliance Item 11,Home & Kitchen,H&M,Home and kitchen appliance for daily use,kitchen appliance home,4636,4.1,2000,Kitchen Appliance Item 11 Home & Kitchen H&M Home and kitchen appliance for daily use kitchen appliance home
P0197,Kitchen Appliance Item 12,Home & Kitchen,Zara,Home and kitchen appliance for daily use,kitchen appliance home,12720,4.1,2000,Kitchen Appliance Item 12 Home & Kitchen Zara Home and kitchen appliance for daily use kitchen appliance home
P0198,Kitchen Appliance Item 13,Home & Kitchen,OnePlus,Home and kitchen appliance for daily use,kitchen appliance home,68143,4.1,2000,Kitchen Appliance Item 13 Home & Kitchen OnePlus Home and kitchen appliance for daily use kitchen appliance home
P0199,Kitchen Appliance Item 14,Home & Kitchen,Xiaomi,Home and kitchen appliance for daily use,kitchen appliance home,8995,4.1,2000,Kitchen Appliance Item 14 Home & Kitchen Xiaomi Home and kitchen appliance for daily use kitchen appliance home
P0200,Kitchen Appliance Item 15,Home & Kitchen,Reebok,Home and kitchen appliance for daily use,kitchen appliance home,25247,4.1,2000,Kitchen Appliance Item 15 Home & Kitchen Reebok Home and kitchen appliance for daily use kitchen appliance home
P0201,Kitchen Appliance Item 16,Home & Kitchen,Nike,Home and kitchen appliance for daily use,kitchen appliance home,16686,4.1,2000,Kitchen Appliance Item 16 Home & Kitchen Nike Home and kitchen appliance for daily use kitchen appliance home
P0202,Kitchen Appliance Item 17,Home & Kitchen,JBL,Home and kitchen appliance for daily use,kitchen appliance home,87808,4.1,2000,Kitchen Appliance Item 17 Home & Kitchen JBL Home and kitchen appliance for daily use kitchen appliance home
P0203,Kitchen Appliance Item 18,Home & Kitchen,H&M,Home and kitchen appliance for daily use,kitchen appliance home,77274,4.1,2000,Kitchen Appliance Item 18 Home & Kitchen H&M Home and kitchen appliance for daily use kitchen appliance home
P0204,Kitchen Appliance Item 19,Home & Kitchen,Noise,Home and kitchen appliance for daily use,kitchen appliance home,96229,4.1,2000,Kitchen Appliance Item 19 Home & Kitchen Noise Home and kitchen appliance for daily use kitchen appliance home
P0205,Kitchen Appliance Item 20,Home & Kitchen,Asics,Home and kitchen appliance for daily use,kitchen appliance home,52477,4.1,2000,Kitchen Appliance Item 20 Home & Kitchen Asics Home and kitchen appliance for daily use kitchen appliance home
P0206,Beauty & Personal Care Product 1,Beauty & Personal Care,Bose,Personal care and grooming product,beauty skincare grooming,48969,4.3,8500,Beauty & Personal Care Product 1 Beauty & Personal Care Bose Personal care and grooming product beauty skincare grooming
P0207,Beauty & Personal Care Product 2,Beauty & Personal Care,Boat,Personal care and grooming product,beauty skincare grooming,31848,4.3,8500,Beauty & Personal Care Product 2 Beauty & Personal Care Boat Personal care and grooming product beauty skincare grooming
P0208,Beauty & Personal Care Product 3,Beauty & Personal Care,OnePlus,Personal care and grooming product,beauty skincare grooming,42785,4.3,8500,Beauty & Personal Care Product 3 Beauty & Personal Care OnePlus Personal care and grooming product beauty skincare grooming
P0209,Beauty & Personal Care Product 4,Beauty & Personal Care,Apple,Personal care and grooming product,beauty skincare grooming,62862,4.3,8500,Beauty & Personal Care Product 4 Beauty & Personal Care Apple Personal care and grooming product beauty skincare grooming
P0210,Beauty & Personal Care Product 5,Beauty & Personal Care,Nike,Personal care and grooming product,beauty skincare grooming,32657,4.3,8500,Beauty & Personal Care Product 5 Beauty & Personal Care Nike Personal care and grooming product beauty skincare grooming
P0211,Beauty & Personal Care Product 6,Beauty & Personal Care,Reebok,Personal care and grooming product,beauty skincare grooming,35742,4.3,8500,Beauty & Personal Care Product 6 Beauty & Personal Care Reebok Personal care and grooming product beauty skincare grooming
P0212,Beauty & Personal Care Product 7,Beauty & Personal Care,Skullcandy,Personal care and grooming product,beauty skincare grooming,41616,4.3,8500,Beauty & Personal Care Product 7 Beauty & Personal Care Skullcandy Personal care and grooming product beauty skincare grooming
P0213,Beauty & Personal Care Product 8,Beauty & Personal Care,Adidas,Personal care and grooming product,beauty skincare grooming,92917,4.3,8500,Beauty & Personal Care Product 8 Beauty & Personal Care Adidas Personal care and grooming product beauty skincare grooming
P0214,Beauty & Personal Care Product 9,Beauty & Personal Care,Skullcandy,Personal care and grooming product,beauty skincare grooming,20984,4.3,8500,Beauty & Personal Care Product 9 Beauty & Personal Care Skullcandy Personal care and grooming product beauty skincare grooming
P0215,Beauty & Personal Care Product 10,Beauty & Personal Care,AND,Personal care and grooming product,beauty skincare grooming,34673,4.3,8500,Beauty & Personal Care Product 10 Beauty & Personal Care AND Personal care and grooming product beauty skincare grooming
P0216,Beauty & Personal Care Product 11,Beauty & Personal Care,Sennheiser,Personal care and grooming product,beauty skincare grooming,25550,4.3,8500,Beauty & Personal Care Product 11 Beauty & Personal Care Sennheiser Personal care and grooming product beauty skincare grooming
P0217,Beauty & Personal Care Product 12,Beauty & Personal Care,Forever 21,Personal care and grooming product,beauty skincare grooming,38280,4.3,8500,Beauty & Personal Care Product 12 Beauty & Personal Care Forever 21 Personal care and grooming product beauty skincare grooming
P0218,Beauty & Personal Care Product 13,Beauty & Personal Care,Forever 21,Personal care and grooming product,beauty skincare grooming,48756,4.3,8500,Beauty & Personal Care Product 13 Beauty & Personal Care Forever 21 Personal care and grooming product beauty skincare grooming
P0219,Beauty & Personal Care Product 14,Beauty & Personal Care,Sennheiser,Personal care and grooming product,beauty skincare grooming,6739,4.3,8500,Beauty & Personal Care Product 14 Beauty & Personal Care Sennheiser Personal care and grooming product beauty skincare grooming
P0220,Beauty & Personal Care Product 15,Beauty & Personal Care,Nike,Personal care and grooming product,beauty skincare grooming,43982,4.3,8500,Beauty & Personal Care Product 15 Beauty & Personal Care Nike Personal care and grooming product beauty skincare grooming
